{
  "name": "fideitec-backend",
  "version": "1.0.0",
  "description": "Backend API para FIDEITEC - Gestión de Fideicomisos Inmobiliarios",
  "main": "src/app.js",
  "scripts": {
    "start": "node src/app.js",
    "dev": "nodemon src/app.js",
    "db:init": "node src/database/init.js",
    "db:migrate": "node src/database/migrate.js",
    "build": "npm run db:migrate || echo 'Migration warnings (may be OK if tables exist)'"
  },
  "dependencies": {
    "ethers": "^6.13.0",
    "express": "^4.18.2",
    "pg": "^8.11.3",
    "bcryptjs": "^2.4.3",
    "jsonwebtoken": "^9.0.2",
    "passport": "^0.7.0",
    "passport-google-oauth20": "^2.0.0",
    "passport-facebook": "^3.0.0",
    "passport-local": "^1.0.0",
    "express-validator": "^7.0.1",
    "helmet": "^7.1.0",
    "cors": "^2.8.5",
    "express-rate-limit": "^7.1.5",
    "hpp": "^0.2.3",
    "xss-clean": "^0.1.4",
    "dotenv": "^16.3.1",
    "uuid": "^9.0.1",
    "nodemailer": "^6.9.7",
    "resend": "^2.0.0",
    "cookie-parser": "^1.4.6",
    "express-session": "^1.17.3",
    "connect-pg-simple": "^9.0.1",
    "crypto-js": "^4.2.0",
    "cloudinary": "^1.41.0",
    "multer": "^1.4.5-lts.1"
  },
  "devDependencies": {
    "nodemon": "^3.0.2"
  },
  "engines": {
    "node": ">=18.0.0"
  }
}

