{
  "name": "fideitec-frontend",
  "private": true,
  "version": "1.0.0",
  "type": "module",
  "scripts": {
    "dev": "vite",
    "build": "vite build",
    "preview": "vite preview"
  },
  "dependencies": {
    "axios": "^1.6.2",
    "lucide-react": "^0.303.0",
    "react": "^18.2.0",
    "react-dom": "^18.2.0",
    "react-hot-toast": "^2.6.0",
    "react-router-dom": "^6.21.0"
  },
  "devDependencies": {
    "@types/react": "^18.2.45",
    "@types/react-dom": "^18.2.18",
    "@vitejs/plugin-react": "^4.2.1",
    "autoprefixer": "^10.4.16",
    "postcss": "^8.4.32",
    "tailwindcss": "^3.4.0",
    "vite": "^5.0.10"
  }
}
